<?xml version="1.0" encoding="UTF-8"?><?xml-stylesheet type="text/css" href="idempiereDocument.css"?><idempiereDocument>
    <header>betso Package Description</header>
    <H1>Package Name:</H1>
    <packagename>betso</packagename>
    <H1>Author:</H1>
    <Name:/>
    <H1>Email Address:</H1>
    <Email/>
    <H1>Created:</H1>
    <Date>2018-02-22 06:48:28.205</Date>
    <H1>Updated:</H1>
    <Date>2018-02-22 06:48:28.205</Date>
    <H1>Description:</H1>
    <description>A silly form for betting company names.</description>
    <H1>Instructions:</H1>
    <instructions/>
    <H1>Files in Package:</H1>
    <file>File: PackOut.xml</file>
    <filedirectory>Directory: \dict\</filedirectory>
    <filenotes>Notes: Contains all application/object settings for package</filenotes>
    <H1>Client:</H1>
    <Client>11-GardenWorld-GardenWorld</Client>
</idempiereDocument>
